<?xml version="1.0" encoding="UTF-8"?>
<idempiere Name="AcctsInfo" Version="1" idempiereVersion="" DataBaseVersion="" Description="" Author="" AuthorEmail="" CreatedDate="2015-06-05 05:51:06.149" UpdatedDate="2015-06-05 05:51:06.149" PackOutVersion="100" UpdateDictionary="false" Client="0-SYSTEM-System" AD_Client_UU="11237b53-9592-4af1-b3c5-afd216514b5d">
    <AD_Table type="table">
        <AD_Client_ID>0</AD_Client_ID>
        <AD_Org_ID>0</AD_Org_ID>
        <Name>as1_BalanceOfAccounts_IW</Name>
        <Description/>
        <Help/>
        <AD_Window_ID reference="id"/>
        <AD_Val_Rule_ID reference="id"/>
        <TableName>as1_BalanceOfAccounts_IW</TableName>
        <LoadSeq>0</LoadSeq>
        <AccessLevel>3</AccessLevel>
        <IsActive>Y</IsActive>
        <IsSecurityEnabled>N</IsSecurityEnabled>
        <IsDeleteable>N</IsDeleteable>
        <IsHighVolume>N</IsHighVolume>
        <IsView>Y</IsView>
        <EntityType>U</EntityType>
        <ImportTable>N</ImportTable>
        <IsChangeLog>N</IsChangeLog>
        <ReplicationType>L</ReplicationType>
        <PO_Window_ID reference="id"/>
        <CopyColumnsFromTable>N</CopyColumnsFromTable>
        <IsCentrallyMaintained>Y</IsCentrallyMaintained>
        <AD_Table_UU>ac97ea76-f247-405b-a30e-02d103d5749c</AD_Table_UU>
        <Processing/>
        <DatabaseViewDrop/>
        <AD_Element type="table">
            <AD_Client_ID>0</AD_Client_ID>
            <AD_Org_ID>0</AD_Org_ID>
            <IsActive>Y</IsActive>
            <ColumnName>as1_BalanceOfAccounts_IW_ID</ColumnName>
            <Name>as1_BalanceOfAccounts_IW</Name>
            <Description/>
            <Help/>
            <PrintName>as1_BalanceOfAccounts_IW</PrintName>
            <PO_Description/>
            <PO_Help/>
            <PO_Name/>
            <PO_PrintName/>
            <EntityType>U</EntityType>
            <AD_Element_UU>b0c592c4-9594-49a8-8bd5-dafa8f05339e</AD_Element_UU>
        </AD_Element>
        <AD_Column type="table">
            <IsSyncDatabase>Y</IsSyncDatabase>
            <AD_Table_ID reference="uuid" reference-key="AD_Table">ac97ea76-f247-405b-a30e-02d103d5749c</AD_Table_ID>
            <AD_Reference_Value_ID reference="id"/>
            <AD_Client_ID>0</AD_Client_ID>
            <AD_Org_ID>0</AD_Org_ID>
            <Version>0.0</Version>
            <Name>as1_BalanceOfAccounts_IW</Name>
            <Description/>
            <Help/>
            <AD_Val_Rule_ID reference="id"/>
            <ColumnName>as1_BalanceOfAccounts_IW_ID</ColumnName>
            <DefaultValue/>
            <FieldLength>10</FieldLength>
            <IsKey>Y</IsKey>
            <IsParent>N</IsParent>
            <IsMandatory>N</IsMandatory>
            <IsTranslated>N</IsTranslated>
            <IsIdentifier>N</IsIdentifier>
            <SeqNo/>
            <IsEncrypted>N</IsEncrypted>
            <AD_Reference_ID reference="id">19</AD_Reference_ID>
            <IsActive>Y</IsActive>
            <VFormat/>
            <Callout/>
            <AD_Element_ID reference="uuid" reference-key="AD_Element">b0c592c4-9594-49a8-8bd5-dafa8f05339e</AD_Element_ID>
            <IsUpdateable>N</IsUpdateable>
            <AD_Process_ID reference="id"/>
            <ValueMin/>
            <ValueMax/>
            <IsSelectionColumn>N</IsSelectionColumn>
            <ReadOnlyLogic/>
            <EntityType>U</EntityType>
            <IsAlwaysUpdateable>N</IsAlwaysUpdateable>
            <ColumnSQL/>
            <MandatoryLogic/>
            <IsAutocomplete>N</IsAutocomplete>
            <IsAllowLogging>Y</IsAllowLogging>
            <FormatPattern/>
            <AD_Chart_ID reference="id"/>
            <AD_Column_UU>39029847-feff-408c-95b2-3b5f917a2e4d</AD_Column_UU>
            <IsAllowCopy>Y</IsAllowCopy>
            <SeqNoSelection/>
            <IsToolbarButton>Y</IsToolbarButton>
            <IsSecure>N</IsSecure>
            <FKConstraintName/>
            <FKConstraintType/>
            <i1_doc/>
        </AD_Column>
        <AD_Column type="table">
            <IsSyncDatabase>Y</IsSyncDatabase>
            <AD_Table_ID reference="uuid" reference-key="AD_Table">ac97ea76-f247-405b-a30e-02d103d5749c</AD_Table_ID>
            <AD_Reference_Value_ID reference="id"/>
            <AD_Client_ID>0</AD_Client_ID>
            <AD_Org_ID>0</AD_Org_ID>
            <Version>0.0</Version>
            <Name>Client</Name>
            <Description>Client/Tenant for this installation.</Description>
            <Help>A Client is a company or a legal entity. You cannot share data between Clients. Tenant is a synonym for Client.</Help>
            <AD_Val_Rule_ID reference="id"/>
            <ColumnName>AD_Client_ID</ColumnName>
            <DefaultValue/>
            <FieldLength>10</FieldLength>
            <IsKey>N</IsKey>
            <IsParent>N</IsParent>
            <IsMandatory>N</IsMandatory>
            <IsTranslated>N</IsTranslated>
            <IsIdentifier>N</IsIdentifier>
            <SeqNo/>
            <IsEncrypted>N</IsEncrypted>
            <AD_Reference_ID reference="id">19</AD_Reference_ID>
            <IsActive>Y</IsActive>
            <VFormat/>
            <Callout/>
            <AD_Element_ID reference="id">102</AD_Element_ID>
            <IsUpdateable>N</IsUpdateable>
            <AD_Process_ID reference="id"/>
            <ValueMin/>
            <ValueMax/>
            <IsSelectionColumn>N</IsSelectionColumn>
            <ReadOnlyLogic/>
            <EntityType>U</EntityType>
            <IsAlwaysUpdateable>N</IsAlwaysUpdateable>
            <ColumnSQL/>
            <MandatoryLogic/>
            <IsAutocomplete>N</IsAutocomplete>
            <IsAllowLogging>Y</IsAllowLogging>
            <FormatPattern/>
            <AD_Chart_ID reference="id"/>
            <AD_Column_UU>6a2aac79-6943-446f-a659-d07972c303eb</AD_Column_UU>
            <IsAllowCopy>Y</IsAllowCopy>
            <SeqNoSelection/>
            <IsToolbarButton>Y</IsToolbarButton>
            <IsSecure>N</IsSecure>
            <FKConstraintName/>
            <FKConstraintType/>
            <i1_doc/>
        </AD_Column>
        <AD_Column type="table">
            <IsSyncDatabase>Y</IsSyncDatabase>
            <AD_Table_ID reference="uuid" reference-key="AD_Table">ac97ea76-f247-405b-a30e-02d103d5749c</AD_Table_ID>
            <AD_Reference_Value_ID reference="id"/>
            <AD_Client_ID>0</AD_Client_ID>
            <AD_Org_ID>0</AD_Org_ID>
            <Version>0.0</Version>
            <Name>Organization</Name>
            <Description>Organizational entity within client</Description>
            <Help>An organization is a unit of your client or legal entity - examples are store, department. You can share data between organizations.</Help>
            <AD_Val_Rule_ID reference="id"/>
            <ColumnName>AD_Org_ID</ColumnName>
            <DefaultValue/>
            <FieldLength>10</FieldLength>
            <IsKey>N</IsKey>
            <IsParent>N</IsParent>
            <IsMandatory>N</IsMandatory>
            <IsTranslated>N</IsTranslated>
            <IsIdentifier>N</IsIdentifier>
            <SeqNo/>
            <IsEncrypted>N</IsEncrypted>
            <AD_Reference_ID reference="id">19</AD_Reference_ID>
            <IsActive>Y</IsActive>
            <VFormat/>
            <Callout/>
            <AD_Element_ID reference="id">113</AD_Element_ID>
            <IsUpdateable>N</IsUpdateable>
            <AD_Process_ID reference="id"/>
            <ValueMin/>
            <ValueMax/>
            <IsSelectionColumn>N</IsSelectionColumn>
            <ReadOnlyLogic/>
            <EntityType>U</EntityType>
            <IsAlwaysUpdateable>N</IsAlwaysUpdateable>
            <ColumnSQL/>
            <MandatoryLogic/>
            <IsAutocomplete>N</IsAutocomplete>
            <IsAllowLogging>Y</IsAllowLogging>
            <FormatPattern/>
            <AD_Chart_ID reference="id"/>
            <AD_Column_UU>501188ee-69b1-4efe-b2f4-e5d63423d0f2</AD_Column_UU>
            <IsAllowCopy>Y</IsAllowCopy>
            <SeqNoSelection/>
            <IsToolbarButton>Y</IsToolbarButton>
            <IsSecure>N</IsSecure>
            <FKConstraintName/>
            <FKConstraintType/>
            <i1_doc/>
        </AD_Column>
        <AD_Column type="table">
            <IsSyncDatabase>Y</IsSyncDatabase>
            <AD_Table_ID reference="uuid" reference-key="AD_Table">ac97ea76-f247-405b-a30e-02d103d5749c</AD_Table_ID>
            <AD_Reference_Value_ID reference="id"/>
            <AD_Client_ID>0</AD_Client_ID>
            <AD_Org_ID>0</AD_Org_ID>
            <Version>0.0</Version>
            <Name>Active</Name>
            <Description>The record is active in the system</Description>
            <Help>There are two methods of making records unavailable in the system: One is to delete the record, the other is to de-activate the record. A de-activated record is not available for selection, but available for reports.
There are two reasons for de-activating and not deleting records:
(1) The system requires the record for audit purposes.
(2) The record is referenced by other records. E.g., you cannot delete a Business Partner, if there are invoices for this partner record existing. You de-activate the Business Partner and prevent that this record is used for future entries.</Help>
            <AD_Val_Rule_ID reference="id"/>
            <ColumnName>IsActive</ColumnName>
            <DefaultValue/>
            <FieldLength>1</FieldLength>
            <IsKey>N</IsKey>
            <IsParent>N</IsParent>
            <IsMandatory>N</IsMandatory>
            <IsTranslated>N</IsTranslated>
            <IsIdentifier>N</IsIdentifier>
            <SeqNo/>
            <IsEncrypted>N</IsEncrypted>
            <AD_Reference_ID reference="id">20</AD_Reference_ID>
            <IsActive>Y</IsActive>
            <VFormat/>
            <Callout/>
            <AD_Element_ID reference="id">348</AD_Element_ID>
            <IsUpdateable>N</IsUpdateable>
            <AD_Process_ID reference="id"/>
            <ValueMin/>
            <ValueMax/>
            <IsSelectionColumn>N</IsSelectionColumn>
            <ReadOnlyLogic/>
            <EntityType>U</EntityType>
            <IsAlwaysUpdateable>N</IsAlwaysUpdateable>
            <ColumnSQL/>
            <MandatoryLogic/>
            <IsAutocomplete>N</IsAutocomplete>
            <IsAllowLogging>Y</IsAllowLogging>
            <FormatPattern/>
            <AD_Chart_ID reference="id"/>
            <AD_Column_UU>38c25bb2-0ee3-40c6-9cd6-d5a50fdfb408</AD_Column_UU>
            <IsAllowCopy>Y</IsAllowCopy>
            <SeqNoSelection/>
            <IsToolbarButton>Y</IsToolbarButton>
            <IsSecure>N</IsSecure>
            <FKConstraintName/>
            <FKConstraintType/>
            <i1_doc/>
        </AD_Column>
        <AD_Column type="table">
            <IsSyncDatabase>Y</IsSyncDatabase>
            <AD_Table_ID reference="uuid" reference-key="AD_Table">ac97ea76-f247-405b-a30e-02d103d5749c</AD_Table_ID>
            <AD_Reference_Value_ID reference="id"/>
            <AD_Client_ID>0</AD_Client_ID>
            <AD_Org_ID>0</AD_Org_ID>
            <Version>0.0</Version>
            <Name>Created</Name>
            <Description>Date this record was created</Description>
            <Help>The Created field indicates the date that this record was created.</Help>
            <AD_Val_Rule_ID reference="id"/>
            <ColumnName>Created</ColumnName>
            <DefaultValue>SYSDATE</DefaultValue>
            <FieldLength>29</FieldLength>
            <IsKey>N</IsKey>
            <IsParent>N</IsParent>
            <IsMandatory>Y</IsMandatory>
            <IsTranslated>N</IsTranslated>
            <IsIdentifier>N</IsIdentifier>
            <SeqNo/>
            <IsEncrypted>N</IsEncrypted>
            <AD_Reference_ID reference="id">16</AD_Reference_ID>
            <IsActive>Y</IsActive>
            <VFormat/>
            <Callout/>
            <AD_Element_ID reference="id">245</AD_Element_ID>
            <IsUpdateable>N</IsUpdateable>
            <AD_Process_ID reference="id"/>
            <ValueMin/>
            <ValueMax/>
            <IsSelectionColumn>N</IsSelectionColumn>
            <ReadOnlyLogic/>
            <EntityType>U</EntityType>
            <IsAlwaysUpdateable>N</IsAlwaysUpdateable>
            <ColumnSQL/>
            <MandatoryLogic/>
            <IsAutocomplete>N</IsAutocomplete>
            <IsAllowLogging>Y</IsAllowLogging>
            <FormatPattern/>
            <AD_Chart_ID reference="id"/>
            <AD_Column_UU>1e8838c4-cf37-4e81-8136-f69a9f2e0401</AD_Column_UU>
            <IsAllowCopy>Y</IsAllowCopy>
            <SeqNoSelection/>
            <IsToolbarButton>Y</IsToolbarButton>
            <IsSecure>N</IsSecure>
            <FKConstraintName/>
            <FKConstraintType/>
            <i1_doc/>
        </AD_Column>
        <AD_Column type="table">
            <IsSyncDatabase>Y</IsSyncDatabase>
            <AD_Table_ID reference="uuid" reference-key="AD_Table">ac97ea76-f247-405b-a30e-02d103d5749c</AD_Table_ID>
            <AD_Reference_Value_ID reference="id">110</AD_Reference_Value_ID>
            <AD_Client_ID>0</AD_Client_ID>
            <AD_Org_ID>0</AD_Org_ID>
            <Version>0.0</Version>
            <Name>Created By</Name>
            <Description>User who created this records</Description>
            <Help>The Created By field indicates the user who created this record.</Help>
            <AD_Val_Rule_ID reference="id"/>
            <ColumnName>CreatedBy</ColumnName>
            <DefaultValue/>
            <FieldLength>10</FieldLength>
            <IsKey>N</IsKey>
            <IsParent>N</IsParent>
            <IsMandatory>N</IsMandatory>
            <IsTranslated>N</IsTranslated>
            <IsIdentifier>N</IsIdentifier>
            <SeqNo/>
            <IsEncrypted>N</IsEncrypted>
            <AD_Reference_ID reference="id">18</AD_Reference_ID>
            <IsActive>Y</IsActive>
            <VFormat/>
            <Callout/>
            <AD_Element_ID reference="id">246</AD_Element_ID>
            <IsUpdateable>N</IsUpdateable>
            <AD_Process_ID reference="id"/>
            <ValueMin/>
            <ValueMax/>
            <IsSelectionColumn>N</IsSelectionColumn>
            <ReadOnlyLogic/>
            <EntityType>U</EntityType>
            <IsAlwaysUpdateable>N</IsAlwaysUpdateable>
            <ColumnSQL/>
            <MandatoryLogic/>
            <IsAutocomplete>N</IsAutocomplete>
            <IsAllowLogging>Y</IsAllowLogging>
            <FormatPattern/>
            <AD_Chart_ID reference="id"/>
            <AD_Column_UU>c8d46fa7-375d-4089-bc9f-192c5b301d70</AD_Column_UU>
            <IsAllowCopy>Y</IsAllowCopy>
            <SeqNoSelection/>
            <IsToolbarButton>Y</IsToolbarButton>
            <IsSecure>N</IsSecure>
            <FKConstraintName/>
            <FKConstraintType/>
            <i1_doc/>
        </AD_Column>
        <AD_Column type="table">
            <IsSyncDatabase>Y</IsSyncDatabase>
            <AD_Table_ID reference="uuid" reference-key="AD_Table">ac97ea76-f247-405b-a30e-02d103d5749c</AD_Table_ID>
            <AD_Reference_Value_ID reference="id"/>
            <AD_Client_ID>0</AD_Client_ID>
            <AD_Org_ID>0</AD_Org_ID>
            <Version>0.0</Version>
            <Name>Updated</Name>
            <Description>Date this record was updated</Description>
            <Help>The Updated field indicates the date that this record was updated.</Help>
            <AD_Val_Rule_ID reference="id"/>
            <ColumnName>Updated</ColumnName>
            <DefaultValue>SYSDATE</DefaultValue>
            <FieldLength>29</FieldLength>
            <IsKey>N</IsKey>
            <IsParent>N</IsParent>
            <IsMandatory>Y</IsMandatory>
            <IsTranslated>N</IsTranslated>
            <IsIdentifier>N</IsIdentifier>
            <SeqNo/>
            <IsEncrypted>N</IsEncrypted>
            <AD_Reference_ID reference="id">16</AD_Reference_ID>
            <IsActive>Y</IsActive>
            <VFormat/>
            <Callout/>
            <AD_Element_ID reference="id">607</AD_Element_ID>
            <IsUpdateable>N</IsUpdateable>
            <AD_Process_ID reference="id"/>
            <ValueMin/>
            <ValueMax/>
            <IsSelectionColumn>N</IsSelectionColumn>
            <ReadOnlyLogic/>
            <EntityType>U</EntityType>
            <IsAlwaysUpdateable>N</IsAlwaysUpdateable>
            <ColumnSQL/>
            <MandatoryLogic/>
            <IsAutocomplete>N</IsAutocomplete>
            <IsAllowLogging>Y</IsAllowLogging>
            <FormatPattern/>
            <AD_Chart_ID reference="id"/>
            <AD_Column_UU>81b70f51-2cde-4a0d-8ac9-e1c41344e2e6</AD_Column_UU>
            <IsAllowCopy>Y</IsAllowCopy>
            <SeqNoSelection/>
            <IsToolbarButton>Y</IsToolbarButton>
            <IsSecure>N</IsSecure>
            <FKConstraintName/>
            <FKConstraintType/>
            <i1_doc/>
        </AD_Column>
        <AD_Column type="table">
            <IsSyncDatabase>Y</IsSyncDatabase>
            <AD_Table_ID reference="uuid" reference-key="AD_Table">ac97ea76-f247-405b-a30e-02d103d5749c</AD_Table_ID>
            <AD_Reference_Value_ID reference="id">110</AD_Reference_Value_ID>
            <AD_Client_ID>0</AD_Client_ID>
            <AD_Org_ID>0</AD_Org_ID>
            <Version>0.0</Version>
            <Name>Updated By</Name>
            <Description>User who updated this records</Description>
            <Help>The Updated By field indicates the user who updated this record.</Help>
            <AD_Val_Rule_ID reference="id"/>
            <ColumnName>UpdatedBy</ColumnName>
            <DefaultValue/>
            <FieldLength>10</FieldLength>
            <IsKey>N</IsKey>
            <IsParent>N</IsParent>
            <IsMandatory>N</IsMandatory>
            <IsTranslated>N</IsTranslated>
            <IsIdentifier>N</IsIdentifier>
            <SeqNo/>
            <IsEncrypted>N</IsEncrypted>
            <AD_Reference_ID reference="id">18</AD_Reference_ID>
            <IsActive>Y</IsActive>
            <VFormat/>
            <Callout/>
            <AD_Element_ID reference="id">608</AD_Element_ID>
            <IsUpdateable>N</IsUpdateable>
            <AD_Process_ID reference="id"/>
            <ValueMin/>
            <ValueMax/>
            <IsSelectionColumn>N</IsSelectionColumn>
            <ReadOnlyLogic/>
            <EntityType>U</EntityType>
            <IsAlwaysUpdateable>N</IsAlwaysUpdateable>
            <ColumnSQL/>
            <MandatoryLogic/>
            <IsAutocomplete>N</IsAutocomplete>
            <IsAllowLogging>Y</IsAllowLogging>
            <FormatPattern/>
            <AD_Chart_ID reference="id"/>
            <AD_Column_UU>0ac71f2e-51a1-4a6d-a4cb-56d2633811b1</AD_Column_UU>
            <IsAllowCopy>Y</IsAllowCopy>
            <SeqNoSelection/>
            <IsToolbarButton>Y</IsToolbarButton>
            <IsSecure>N</IsSecure>
            <FKConstraintName/>
            <FKConstraintType/>
            <i1_doc/>
        </AD_Column>
        <AD_Element type="table">
            <AD_Client_ID>0</AD_Client_ID>
            <AD_Org_ID>0</AD_Org_ID>
            <IsActive>Y</IsActive>
            <ColumnName>sum</ColumnName>
            <Name>sum</Name>
            <Description/>
            <Help/>
            <PrintName>sum</PrintName>
            <PO_Description/>
            <PO_Help/>
            <PO_Name/>
            <PO_PrintName/>
            <EntityType>U</EntityType>
            <AD_Element_UU>b3a056a7-6998-40b5-86ac-ce341f4674c4</AD_Element_UU>
        </AD_Element>
        <AD_Column type="table">
            <IsSyncDatabase>Y</IsSyncDatabase>
            <AD_Table_ID reference="uuid" reference-key="AD_Table">ac97ea76-f247-405b-a30e-02d103d5749c</AD_Table_ID>
            <AD_Reference_Value_ID reference="id"/>
            <AD_Client_ID>0</AD_Client_ID>
            <AD_Org_ID>0</AD_Org_ID>
            <Version>0.0</Version>
            <Name>sum</Name>
            <Description/>
            <Help/>
            <AD_Val_Rule_ID reference="id"/>
            <ColumnName>sum</ColumnName>
            <DefaultValue/>
            <FieldLength>2147483647</FieldLength>
            <IsKey>N</IsKey>
            <IsParent>N</IsParent>
            <IsMandatory>N</IsMandatory>
            <IsTranslated>N</IsTranslated>
            <IsIdentifier>N</IsIdentifier>
            <SeqNo/>
            <IsEncrypted>N</IsEncrypted>
            <AD_Reference_ID reference="id">14</AD_Reference_ID>
            <IsActive>Y</IsActive>
            <VFormat/>
            <Callout/>
            <AD_Element_ID reference="uuid" reference-key="AD_Element">b3a056a7-6998-40b5-86ac-ce341f4674c4</AD_Element_ID>
            <IsUpdateable>N</IsUpdateable>
            <AD_Process_ID reference="id"/>
            <ValueMin/>
            <ValueMax/>
            <IsSelectionColumn>N</IsSelectionColumn>
            <ReadOnlyLogic/>
            <EntityType>U</EntityType>
            <IsAlwaysUpdateable>N</IsAlwaysUpdateable>
            <ColumnSQL/>
            <MandatoryLogic/>
            <IsAutocomplete>N</IsAutocomplete>
            <IsAllowLogging>Y</IsAllowLogging>
            <FormatPattern/>
            <AD_Chart_ID reference="id"/>
            <AD_Column_UU>6e31d327-a395-428c-a75b-2eedd49e5344</AD_Column_UU>
            <IsAllowCopy>Y</IsAllowCopy>
            <SeqNoSelection/>
            <IsToolbarButton>Y</IsToolbarButton>
            <IsSecure>N</IsSecure>
            <FKConstraintName/>
            <FKConstraintType/>
            <i1_doc/>
        </AD_Column>
        <AD_Element type="table">
            <AD_Client_ID>0</AD_Client_ID>
            <AD_Org_ID>0</AD_Org_ID>
            <IsActive>Y</IsActive>
            <ColumnName>onday</ColumnName>
            <Name>onday</Name>
            <Description/>
            <Help/>
            <PrintName>onday</PrintName>
            <PO_Description/>
            <PO_Help/>
            <PO_Name/>
            <PO_PrintName/>
            <EntityType>U</EntityType>
            <AD_Element_UU>dfbb16fa-b2e9-49c3-9e27-5b1c1e2c08d7</AD_Element_UU>
        </AD_Element>
        <AD_Column type="table">
            <IsSyncDatabase>Y</IsSyncDatabase>
            <AD_Table_ID reference="uuid" reference-key="AD_Table">ac97ea76-f247-405b-a30e-02d103d5749c</AD_Table_ID>
            <AD_Reference_Value_ID reference="id"/>
            <AD_Client_ID>0</AD_Client_ID>
            <AD_Org_ID>0</AD_Org_ID>
            <Version>0.0</Version>
            <Name>onday</Name>
            <Description/>
            <Help/>
            <AD_Val_Rule_ID reference="id"/>
            <ColumnName>onday</ColumnName>
            <DefaultValue/>
            <FieldLength>2147483647</FieldLength>
            <IsKey>N</IsKey>
            <IsParent>N</IsParent>
            <IsMandatory>N</IsMandatory>
            <IsTranslated>N</IsTranslated>
            <IsIdentifier>N</IsIdentifier>
            <SeqNo/>
            <IsEncrypted>N</IsEncrypted>
            <AD_Reference_ID reference="id">14</AD_Reference_ID>
            <IsActive>Y</IsActive>
            <VFormat/>
            <Callout/>
            <AD_Element_ID reference="uuid" reference-key="AD_Element">dfbb16fa-b2e9-49c3-9e27-5b1c1e2c08d7</AD_Element_ID>
            <IsUpdateable>N</IsUpdateable>
            <AD_Process_ID reference="id"/>
            <ValueMin/>
            <ValueMax/>
            <IsSelectionColumn>N</IsSelectionColumn>
            <ReadOnlyLogic/>
            <EntityType>U</EntityType>
            <IsAlwaysUpdateable>N</IsAlwaysUpdateable>
            <ColumnSQL/>
            <MandatoryLogic/>
            <IsAutocomplete>N</IsAutocomplete>
            <IsAllowLogging>Y</IsAllowLogging>
            <FormatPattern/>
            <AD_Chart_ID reference="id"/>
            <AD_Column_UU>8fe9649f-8bba-425a-acdf-4adddbb57c16</AD_Column_UU>
            <IsAllowCopy>Y</IsAllowCopy>
            <SeqNoSelection/>
            <IsToolbarButton>Y</IsToolbarButton>
            <IsSecure>N</IsSecure>
            <FKConstraintName/>
            <FKConstraintType/>
            <i1_doc/>
        </AD_Column>
        <AD_Element type="table">
            <AD_Client_ID>0</AD_Client_ID>
            <AD_Org_ID>0</AD_Org_ID>
            <IsActive>Y</IsActive>
            <ColumnName>onmonth</ColumnName>
            <Name>onmonth</Name>
            <Description/>
            <Help/>
            <PrintName>onmonth</PrintName>
            <PO_Description/>
            <PO_Help/>
            <PO_Name/>
            <PO_PrintName/>
            <EntityType>U</EntityType>
            <AD_Element_UU>76521272-947f-4782-b8d7-08bbbf5f6e78</AD_Element_UU>
        </AD_Element>
        <AD_Column type="table">
            <IsSyncDatabase>Y</IsSyncDatabase>
            <AD_Table_ID reference="uuid" reference-key="AD_Table">ac97ea76-f247-405b-a30e-02d103d5749c</AD_Table_ID>
            <AD_Reference_Value_ID reference="id"/>
            <AD_Client_ID>0</AD_Client_ID>
            <AD_Org_ID>0</AD_Org_ID>
            <Version>0.0</Version>
            <Name>onmonth</Name>
            <Description/>
            <Help/>
            <AD_Val_Rule_ID reference="id"/>
            <ColumnName>onmonth</ColumnName>
            <DefaultValue/>
            <FieldLength>2147483647</FieldLength>
            <IsKey>N</IsKey>
            <IsParent>N</IsParent>
            <IsMandatory>N</IsMandatory>
            <IsTranslated>N</IsTranslated>
            <IsIdentifier>N</IsIdentifier>
            <SeqNo/>
            <IsEncrypted>N</IsEncrypted>
            <AD_Reference_ID reference="id">14</AD_Reference_ID>
            <IsActive>Y</IsActive>
            <VFormat/>
            <Callout/>
            <AD_Element_ID reference="uuid" reference-key="AD_Element">76521272-947f-4782-b8d7-08bbbf5f6e78</AD_Element_ID>
            <IsUpdateable>N</IsUpdateable>
            <AD_Process_ID reference="id"/>
            <ValueMin/>
            <ValueMax/>
            <IsSelectionColumn>N</IsSelectionColumn>
            <ReadOnlyLogic/>
            <EntityType>U</EntityType>
            <IsAlwaysUpdateable>N</IsAlwaysUpdateable>
            <ColumnSQL/>
            <MandatoryLogic/>
            <IsAutocomplete>N</IsAutocomplete>
            <IsAllowLogging>Y</IsAllowLogging>
            <FormatPattern/>
            <AD_Chart_ID reference="id"/>
            <AD_Column_UU>c127bbad-9e2c-4e9c-996c-ce18fff29187</AD_Column_UU>
            <IsAllowCopy>Y</IsAllowCopy>
            <SeqNoSelection/>
            <IsToolbarButton>Y</IsToolbarButton>
            <IsSecure>N</IsSecure>
            <FKConstraintName/>
            <FKConstraintType/>
            <i1_doc/>
        </AD_Column>
        <AD_Element type="table">
            <AD_Client_ID>0</AD_Client_ID>
            <AD_Org_ID>0</AD_Org_ID>
            <IsActive>Y</IsActive>
            <ColumnName>onyear</ColumnName>
            <Name>onyear</Name>
            <Description/>
            <Help/>
            <PrintName>onyear</PrintName>
            <PO_Description/>
            <PO_Help/>
            <PO_Name/>
            <PO_PrintName/>
            <EntityType>U</EntityType>
            <AD_Element_UU>042991cb-3eea-4ca0-9b60-bab483ab1d40</AD_Element_UU>
        </AD_Element>
        <AD_Column type="table">
            <IsSyncDatabase>Y</IsSyncDatabase>
            <AD_Table_ID reference="uuid" reference-key="AD_Table">ac97ea76-f247-405b-a30e-02d103d5749c</AD_Table_ID>
            <AD_Reference_Value_ID reference="id"/>
            <AD_Client_ID>0</AD_Client_ID>
            <AD_Org_ID>0</AD_Org_ID>
            <Version>0.0</Version>
            <Name>onyear</Name>
            <Description/>
            <Help/>
            <AD_Val_Rule_ID reference="id"/>
            <ColumnName>onyear</ColumnName>
            <DefaultValue/>
            <FieldLength>2147483647</FieldLength>
            <IsKey>N</IsKey>
            <IsParent>N</IsParent>
            <IsMandatory>N</IsMandatory>
            <IsTranslated>N</IsTranslated>
            <IsIdentifier>N</IsIdentifier>
            <SeqNo/>
            <IsEncrypted>N</IsEncrypted>
            <AD_Reference_ID reference="id">14</AD_Reference_ID>
            <IsActive>Y</IsActive>
            <VFormat/>
            <Callout/>
            <AD_Element_ID reference="uuid" reference-key="AD_Element">042991cb-3eea-4ca0-9b60-bab483ab1d40</AD_Element_ID>
            <IsUpdateable>N</IsUpdateable>
            <AD_Process_ID reference="id"/>
            <ValueMin/>
            <ValueMax/>
            <IsSelectionColumn>N</IsSelectionColumn>
            <ReadOnlyLogic/>
            <EntityType>U</EntityType>
            <IsAlwaysUpdateable>N</IsAlwaysUpdateable>
            <ColumnSQL/>
            <MandatoryLogic/>
            <IsAutocomplete>N</IsAutocomplete>
            <IsAllowLogging>Y</IsAllowLogging>
            <FormatPattern/>
            <AD_Chart_ID reference="id"/>
            <AD_Column_UU>c8a335ea-1d3a-4da6-a199-f310de7bb758</AD_Column_UU>
            <IsAllowCopy>Y</IsAllowCopy>
            <SeqNoSelection/>
            <IsToolbarButton>Y</IsToolbarButton>
            <IsSecure>N</IsSecure>
            <FKConstraintName/>
            <FKConstraintType/>
            <i1_doc/>
        </AD_Column>
        <AD_Element type="table">
            <AD_Client_ID>0</AD_Client_ID>
            <AD_Org_ID>0</AD_Org_ID>
            <IsActive>Y</IsActive>
            <ColumnName>perday</ColumnName>
            <Name>perday</Name>
            <Description/>
            <Help/>
            <PrintName>perday</PrintName>
            <PO_Description/>
            <PO_Help/>
            <PO_Name/>
            <PO_PrintName/>
            <EntityType>U</EntityType>
            <AD_Element_UU>cd1c66e8-6274-4e1e-aab6-66c296729ae5</AD_Element_UU>
        </AD_Element>
        <AD_Column type="table">
            <IsSyncDatabase>Y</IsSyncDatabase>
            <AD_Table_ID reference="uuid" reference-key="AD_Table">ac97ea76-f247-405b-a30e-02d103d5749c</AD_Table_ID>
            <AD_Reference_Value_ID reference="id"/>
            <AD_Client_ID>0</AD_Client_ID>
            <AD_Org_ID>0</AD_Org_ID>
            <Version>0.0</Version>
            <Name>perday</Name>
            <Description/>
            <Help/>
            <AD_Val_Rule_ID reference="id"/>
            <ColumnName>perday</ColumnName>
            <DefaultValue/>
            <FieldLength>2147483647</FieldLength>
            <IsKey>N</IsKey>
            <IsParent>N</IsParent>
            <IsMandatory>N</IsMandatory>
            <IsTranslated>N</IsTranslated>
            <IsIdentifier>N</IsIdentifier>
            <SeqNo/>
            <IsEncrypted>N</IsEncrypted>
            <AD_Reference_ID reference="id">14</AD_Reference_ID>
            <IsActive>Y</IsActive>
            <VFormat/>
            <Callout/>
            <AD_Element_ID reference="uuid" reference-key="AD_Element">cd1c66e8-6274-4e1e-aab6-66c296729ae5</AD_Element_ID>
            <IsUpdateable>N</IsUpdateable>
            <AD_Process_ID reference="id"/>
            <ValueMin/>
            <ValueMax/>
            <IsSelectionColumn>N</IsSelectionColumn>
            <ReadOnlyLogic/>
            <EntityType>U</EntityType>
            <IsAlwaysUpdateable>N</IsAlwaysUpdateable>
            <ColumnSQL/>
            <MandatoryLogic/>
            <IsAutocomplete>N</IsAutocomplete>
            <IsAllowLogging>Y</IsAllowLogging>
            <FormatPattern/>
            <AD_Chart_ID reference="id"/>
            <AD_Column_UU>9d6cfd45-4f38-4f50-9806-a4c359fc4e8c</AD_Column_UU>
            <IsAllowCopy>Y</IsAllowCopy>
            <SeqNoSelection/>
            <IsToolbarButton>Y</IsToolbarButton>
            <IsSecure>N</IsSecure>
            <FKConstraintName/>
            <FKConstraintType/>
            <i1_doc/>
        </AD_Column>
        <AD_Column type="table">
            <IsSyncDatabase>Y</IsSyncDatabase>
            <AD_Table_ID reference="uuid" reference-key="AD_Table">ac97ea76-f247-405b-a30e-02d103d5749c</AD_Table_ID>
            <AD_Reference_Value_ID reference="id"/>
            <AD_Client_ID>0</AD_Client_ID>
            <AD_Org_ID>0</AD_Org_ID>
            <Version>0.0</Version>
            <Name>Search Key</Name>
            <Description>Search key for the record in the format required - must be unique</Description>
            <Help>A search key allows you a fast method of finding a particular record.
If you leave the search key empty, the system automatically creates a numeric number.  The document sequence used for this fallback number is defined in the "Maintain Sequence" window with the name "DocumentNo_&lt;TableName&gt;", where TableName is the actual name of the table (e.g. C_Order).</Help>
            <AD_Val_Rule_ID reference="id"/>
            <ColumnName>Value</ColumnName>
            <DefaultValue/>
            <FieldLength>40</FieldLength>
            <IsKey>N</IsKey>
            <IsParent>N</IsParent>
            <IsMandatory>N</IsMandatory>
            <IsTranslated>N</IsTranslated>
            <IsIdentifier>N</IsIdentifier>
            <SeqNo/>
            <IsEncrypted>N</IsEncrypted>
            <AD_Reference_ID reference="id">10</AD_Reference_ID>
            <IsActive>Y</IsActive>
            <VFormat/>
            <Callout/>
            <AD_Element_ID reference="id">620</AD_Element_ID>
            <IsUpdateable>N</IsUpdateable>
            <AD_Process_ID reference="id"/>
            <ValueMin/>
            <ValueMax/>
            <IsSelectionColumn>Y</IsSelectionColumn>
            <ReadOnlyLogic/>
            <EntityType>U</EntityType>
            <IsAlwaysUpdateable>N</IsAlwaysUpdateable>
            <ColumnSQL/>
            <MandatoryLogic/>
            <IsAutocomplete>N</IsAutocomplete>
            <IsAllowLogging>Y</IsAllowLogging>
            <FormatPattern/>
            <AD_Chart_ID reference="id"/>
            <AD_Column_UU>c0b45ce0-d897-4e81-b8f2-b15e86dd22a7</AD_Column_UU>
            <IsAllowCopy>Y</IsAllowCopy>
            <SeqNoSelection/>
            <IsToolbarButton>Y</IsToolbarButton>
            <IsSecure>N</IsSecure>
            <FKConstraintName/>
            <FKConstraintType/>
            <i1_doc/>
        </AD_Column>
        <AD_Column type="table">
            <IsSyncDatabase>Y</IsSyncDatabase>
            <AD_Table_ID reference="uuid" reference-key="AD_Table">ac97ea76-f247-405b-a30e-02d103d5749c</AD_Table_ID>
            <AD_Reference_Value_ID reference="id"/>
            <AD_Client_ID>0</AD_Client_ID>
            <AD_Org_ID>0</AD_Org_ID>
            <Version>0.0</Version>
            <Name>Name</Name>
            <Description>Alphanumeric identifier of the entity</Description>
            <Help>The name of an entity (record) is used as an default search option in addition to the search key. The name is up to 60 characters in length.</Help>
            <AD_Val_Rule_ID reference="id"/>
            <ColumnName>Name</ColumnName>
            <DefaultValue/>
            <FieldLength>60</FieldLength>
            <IsKey>N</IsKey>
            <IsParent>N</IsParent>
            <IsMandatory>N</IsMandatory>
            <IsTranslated>N</IsTranslated>
            <IsIdentifier>Y</IsIdentifier>
            <SeqNo>1</SeqNo>
            <IsEncrypted>N</IsEncrypted>
            <AD_Reference_ID reference="id">10</AD_Reference_ID>
            <IsActive>Y</IsActive>
            <VFormat/>
            <Callout/>
            <AD_Element_ID reference="id">469</AD_Element_ID>
            <IsUpdateable>N</IsUpdateable>
            <AD_Process_ID reference="id"/>
            <ValueMin/>
            <ValueMax/>
            <IsSelectionColumn>Y</IsSelectionColumn>
            <ReadOnlyLogic/>
            <EntityType>U</EntityType>
            <IsAlwaysUpdateable>N</IsAlwaysUpdateable>
            <ColumnSQL/>
            <MandatoryLogic/>
            <IsAutocomplete>N</IsAutocomplete>
            <IsAllowLogging>Y</IsAllowLogging>
            <FormatPattern/>
            <AD_Chart_ID reference="id"/>
            <AD_Column_UU>b039ba73-7c6a-4c53-ac28-557cd017fadc</AD_Column_UU>
            <IsAllowCopy>Y</IsAllowCopy>
            <SeqNoSelection/>
            <IsToolbarButton>Y</IsToolbarButton>
            <IsSecure>N</IsSecure>
            <FKConstraintName/>
            <FKConstraintType/>
            <i1_doc/>
        </AD_Column>
        <AD_Column type="table">
            <IsSyncDatabase>Y</IsSyncDatabase>
            <AD_Table_ID reference="uuid" reference-key="AD_Table">ac97ea76-f247-405b-a30e-02d103d5749c</AD_Table_ID>
            <AD_Reference_Value_ID reference="id"/>
            <AD_Client_ID>0</AD_Client_ID>
            <AD_Org_ID>0</AD_Org_ID>
            <Version>0.0</Version>
            <Name>Account Date</Name>
            <Description>Accounting Date</Description>
            <Help>The Accounting Date indicates the date to be used on the General Ledger account entries generated from this document. It is also used for any currency conversion.</Help>
            <AD_Val_Rule_ID reference="id"/>
            <ColumnName>DateAcct</ColumnName>
            <DefaultValue/>
            <FieldLength>29</FieldLength>
            <IsKey>N</IsKey>
            <IsParent>N</IsParent>
            <IsMandatory>N</IsMandatory>
            <IsTranslated>N</IsTranslated>
            <IsIdentifier>N</IsIdentifier>
            <SeqNo/>
            <IsEncrypted>N</IsEncrypted>
            <AD_Reference_ID reference="id">16</AD_Reference_ID>
            <IsActive>Y</IsActive>
            <VFormat/>
            <Callout/>
            <AD_Element_ID reference="id">263</AD_Element_ID>
            <IsUpdateable>N</IsUpdateable>
            <AD_Process_ID reference="id"/>
            <ValueMin/>
            <ValueMax/>
            <IsSelectionColumn>N</IsSelectionColumn>
            <ReadOnlyLogic/>
            <EntityType>U</EntityType>
            <IsAlwaysUpdateable>N</IsAlwaysUpdateable>
            <ColumnSQL/>
            <MandatoryLogic/>
            <IsAutocomplete>N</IsAutocomplete>
            <IsAllowLogging>Y</IsAllowLogging>
            <FormatPattern/>
            <AD_Chart_ID reference="id"/>
            <AD_Column_UU>fa2a917e-09b6-4344-b175-850b9b79dec2</AD_Column_UU>
            <IsAllowCopy>Y</IsAllowCopy>
            <SeqNoSelection/>
            <IsToolbarButton>Y</IsToolbarButton>
            <IsSecure>N</IsSecure>
            <FKConstraintName/>
            <FKConstraintType/>
            <i1_doc/>
        </AD_Column>
        <AD_Element type="table">
            <AD_Client_ID>0</AD_Client_ID>
            <AD_Org_ID>0</AD_Org_ID>
            <IsActive>Y</IsActive>
            <ColumnName>debit</ColumnName>
            <Name>debit</Name>
            <Description/>
            <Help/>
            <PrintName>debit</PrintName>
            <PO_Description/>
            <PO_Help/>
            <PO_Name/>
            <PO_PrintName/>
            <EntityType>U</EntityType>
            <AD_Element_UU>0845bed6-8b70-47c6-b0fa-9b1665330679</AD_Element_UU>
        </AD_Element>
        <AD_Column type="table">
            <IsSyncDatabase>Y</IsSyncDatabase>
            <AD_Table_ID reference="uuid" reference-key="AD_Table">ac97ea76-f247-405b-a30e-02d103d5749c</AD_Table_ID>
            <AD_Reference_Value_ID reference="id"/>
            <AD_Client_ID>0</AD_Client_ID>
            <AD_Org_ID>0</AD_Org_ID>
            <Version>0.0</Version>
            <Name>debit</Name>
            <Description/>
            <Help/>
            <AD_Val_Rule_ID reference="id"/>
            <ColumnName>debit</ColumnName>
            <DefaultValue/>
            <FieldLength>131089</FieldLength>
            <IsKey>N</IsKey>
            <IsParent>N</IsParent>
            <IsMandatory>N</IsMandatory>
            <IsTranslated>N</IsTranslated>
            <IsIdentifier>N</IsIdentifier>
            <SeqNo/>
            <IsEncrypted>N</IsEncrypted>
            <AD_Reference_ID reference="id">22</AD_Reference_ID>
            <IsActive>Y</IsActive>
            <VFormat/>
            <Callout/>
            <AD_Element_ID reference="uuid" reference-key="AD_Element">0845bed6-8b70-47c6-b0fa-9b1665330679</AD_Element_ID>
            <IsUpdateable>N</IsUpdateable>
            <AD_Process_ID reference="id"/>
            <ValueMin/>
            <ValueMax/>
            <IsSelectionColumn>N</IsSelectionColumn>
            <ReadOnlyLogic/>
            <EntityType>U</EntityType>
            <IsAlwaysUpdateable>N</IsAlwaysUpdateable>
            <ColumnSQL/>
            <MandatoryLogic/>
            <IsAutocomplete>N</IsAutocomplete>
            <IsAllowLogging>Y</IsAllowLogging>
            <FormatPattern/>
            <AD_Chart_ID reference="id"/>
            <AD_Column_UU>8b490774-a060-4460-82d0-e890c1768a6b</AD_Column_UU>
            <IsAllowCopy>Y</IsAllowCopy>
            <SeqNoSelection/>
            <IsToolbarButton>Y</IsToolbarButton>
            <IsSecure>N</IsSecure>
            <FKConstraintName/>
            <FKConstraintType/>
            <i1_doc/>
        </AD_Column>
        <AD_Element type="table">
            <AD_Client_ID>0</AD_Client_ID>
            <AD_Org_ID>0</AD_Org_ID>
            <IsActive>Y</IsActive>
            <ColumnName>credit</ColumnName>
            <Name>credit</Name>
            <Description/>
            <Help/>
            <PrintName>credit</PrintName>
            <PO_Description/>
            <PO_Help/>
            <PO_Name/>
            <PO_PrintName/>
            <EntityType>U</EntityType>
            <AD_Element_UU>047bea0f-f923-4a25-9fa0-5246d5f92ac9</AD_Element_UU>
        </AD_Element>
        <AD_Column type="table">
            <IsSyncDatabase>Y</IsSyncDatabase>
            <AD_Table_ID reference="uuid" reference-key="AD_Table">ac97ea76-f247-405b-a30e-02d103d5749c</AD_Table_ID>
            <AD_Reference_Value_ID reference="id"/>
            <AD_Client_ID>0</AD_Client_ID>
            <AD_Org_ID>0</AD_Org_ID>
            <Version>0.0</Version>
            <Name>credit</Name>
            <Description/>
            <Help/>
            <AD_Val_Rule_ID reference="id"/>
            <ColumnName>credit</ColumnName>
            <DefaultValue/>
            <FieldLength>131089</FieldLength>
            <IsKey>N</IsKey>
            <IsParent>N</IsParent>
            <IsMandatory>N</IsMandatory>
            <IsTranslated>N</IsTranslated>
            <IsIdentifier>N</IsIdentifier>
            <SeqNo/>
            <IsEncrypted>N</IsEncrypted>
            <AD_Reference_ID reference="id">22</AD_Reference_ID>
            <IsActive>Y</IsActive>
            <VFormat/>
            <Callout/>
            <AD_Element_ID reference="uuid" reference-key="AD_Element">047bea0f-f923-4a25-9fa0-5246d5f92ac9</AD_Element_ID>
            <IsUpdateable>N</IsUpdateable>
            <AD_Process_ID reference="id"/>
            <ValueMin/>
            <ValueMax/>
            <IsSelectionColumn>N</IsSelectionColumn>
            <ReadOnlyLogic/>
            <EntityType>U</EntityType>
            <IsAlwaysUpdateable>N</IsAlwaysUpdateable>
            <ColumnSQL/>
            <MandatoryLogic/>
            <IsAutocomplete>N</IsAutocomplete>
            <IsAllowLogging>Y</IsAllowLogging>
            <FormatPattern/>
            <AD_Chart_ID reference="id"/>
            <AD_Column_UU>f9b5c6e2-230a-43da-913f-a20cb15acadc</AD_Column_UU>
            <IsAllowCopy>Y</IsAllowCopy>
            <SeqNoSelection/>
            <IsToolbarButton>Y</IsToolbarButton>
            <IsSecure>N</IsSecure>
            <FKConstraintName/>
            <FKConstraintType/>
            <i1_doc/>
        </AD_Column>
        <AD_Column type="table">
            <IsSyncDatabase>Y</IsSyncDatabase>
            <AD_Table_ID reference="uuid" reference-key="AD_Table">ac97ea76-f247-405b-a30e-02d103d5749c</AD_Table_ID>
            <AD_Reference_Value_ID reference="id"/>
            <AD_Client_ID>0</AD_Client_ID>
            <AD_Org_ID>0</AD_Org_ID>
            <Version>0.0</Version>
            <Name>Balance</Name>
            <Description/>
            <Help/>
            <AD_Val_Rule_ID reference="id"/>
            <ColumnName>Balance</ColumnName>
            <DefaultValue/>
            <FieldLength>131089</FieldLength>
            <IsKey>N</IsKey>
            <IsParent>N</IsParent>
            <IsMandatory>N</IsMandatory>
            <IsTranslated>N</IsTranslated>
            <IsIdentifier>N</IsIdentifier>
            <SeqNo/>
            <IsEncrypted>N</IsEncrypted>
            <AD_Reference_ID reference="id">22</AD_Reference_ID>
            <IsActive>Y</IsActive>
            <VFormat/>
            <Callout/>
            <AD_Element_ID reference="id">1986</AD_Element_ID>
            <IsUpdateable>N</IsUpdateable>
            <AD_Process_ID reference="id"/>
            <ValueMin/>
            <ValueMax/>
            <IsSelectionColumn>N</IsSelectionColumn>
            <ReadOnlyLogic/>
            <EntityType>U</EntityType>
            <IsAlwaysUpdateable>N</IsAlwaysUpdateable>
            <ColumnSQL/>
            <MandatoryLogic/>
            <IsAutocomplete>N</IsAutocomplete>
            <IsAllowLogging>Y</IsAllowLogging>
            <FormatPattern/>
            <AD_Chart_ID reference="id"/>
            <AD_Column_UU>d84ed3a5-1a57-4dd7-867b-c541a1899fca</AD_Column_UU>
            <IsAllowCopy>Y</IsAllowCopy>
            <SeqNoSelection/>
            <IsToolbarButton>Y</IsToolbarButton>
            <IsSecure>N</IsSecure>
            <FKConstraintName/>
            <FKConstraintType/>
            <i1_doc/>
        </AD_Column>
    </AD_Table>
    <AD_InfoWindow type="table">
        <AD_Client_ID>0</AD_Client_ID>
        <AD_Org_ID>0</AD_Org_ID>
        <IsActive>Y</IsActive>
        <Name>as1_BalanceOfAccounts_IW</Name>
        <Description/>
        <Help/>
        <AD_Table_ID reference="uuid" reference-key="AD_Table">ac97ea76-f247-405b-a30e-02d103d5749c</AD_Table_ID>
        <EntityType>A</EntityType>
        <FromClause>as1_BalanceOfAccounts_IW aiw</FromClause>
        <OtherClause/>
        <Processing>N</Processing>
        <AD_InfoWindow_UU>6102a8ee-10ed-48c9-8d12-1188ab59f191</AD_InfoWindow_UU>
        <WhereClause/>
        <IsDefault>Y</IsDefault>
        <IsDistinct>N</IsDistinct>
        <OrderByClause>aiw.dateacct</OrderByClause>
        <IsValid>Y</IsValid>
        <AD_CtxHelp_ID reference="id"/>
        <ImageURL/>
        <SeqNo/>
        <IsShowInDashboard>Y</IsShowInDashboard>
        <MaxQueryRecords>0</MaxQueryRecords>
        <AD_InfoColumn type="table">
            <AD_Client_ID>0</AD_Client_ID>
            <AD_Org_ID>0</AD_Org_ID>
            <IsActive>Y</IsActive>
            <Name>Client</Name>
            <Description>Client/Tenant for this installation.</Description>
            <Help>A Client is a company or a legal entity. You cannot share data between Clients. Tenant is a synonym for Client.</Help>
            <AD_InfoWindow_ID reference="uuid" reference-key="AD_InfoWindow">6102a8ee-10ed-48c9-8d12-1188ab59f191</AD_InfoWindow_ID>
            <EntityType>U</EntityType>
            <SelectClause>aiw.AD_Client_ID</SelectClause>
            <SeqNo>1</SeqNo>
            <IsDisplayed>N</IsDisplayed>
            <IsQueryCriteria>Y</IsQueryCriteria>
            <AD_Element_ID reference="id">102</AD_Element_ID>
            <AD_Reference_ID reference="id">19</AD_Reference_ID>
            <AD_InfoColumn_UU>af6fd909-dc17-4cf1-9d9b-178f6aa39e3b</AD_InfoColumn_UU>
            <AD_Reference_Value_ID reference="id"/>
            <AD_Val_Rule_ID reference="id"/>
            <IsCentrallyMaintained>Y</IsCentrallyMaintained>
            <DisplayLogic/>
            <ColumnName>AD_Client_ID</ColumnName>
            <QueryOperator>=</QueryOperator>
            <QueryFunction/>
            <IsIdentifier>N</IsIdentifier>
            <SeqNoSelection>0</SeqNoSelection>
            <DefaultValue/>
            <IsMandatory>N</IsMandatory>
        </AD_InfoColumn>
        <AD_InfoColumn type="table">
            <AD_Client_ID>0</AD_Client_ID>
            <AD_Org_ID>0</AD_Org_ID>
            <IsActive>Y</IsActive>
            <Name>Balance</Name>
            <Description/>
            <Help/>
            <AD_InfoWindow_ID reference="uuid" reference-key="AD_InfoWindow">6102a8ee-10ed-48c9-8d12-1188ab59f191</AD_InfoWindow_ID>
            <EntityType>U</EntityType>
            <SelectClause>aiw.Balance</SelectClause>
            <SeqNo>110</SeqNo>
            <IsDisplayed>Y</IsDisplayed>
            <IsQueryCriteria>N</IsQueryCriteria>
            <AD_Element_ID reference="id">1986</AD_Element_ID>
            <AD_Reference_ID reference="id">22</AD_Reference_ID>
            <AD_InfoColumn_UU>5de62ee4-ffd2-41ac-b606-e032a7fd2ee4</AD_InfoColumn_UU>
            <AD_Reference_Value_ID reference="id"/>
            <AD_Val_Rule_ID reference="id"/>
            <IsCentrallyMaintained>Y</IsCentrallyMaintained>
            <DisplayLogic/>
            <ColumnName>Balance</ColumnName>
            <QueryOperator/>
            <QueryFunction/>
            <IsIdentifier>N</IsIdentifier>
            <SeqNoSelection>0</SeqNoSelection>
            <DefaultValue/>
            <IsMandatory>N</IsMandatory>
        </AD_InfoColumn>
        <AD_InfoColumn type="table">
            <AD_Client_ID>0</AD_Client_ID>
            <AD_Org_ID>0</AD_Org_ID>
            <IsActive>Y</IsActive>
            <Name>Search Key</Name>
            <Description>Search key for the record in the format required - must be unique</Description>
            <Help>A search key allows you a fast method of finding a particular record.
If you leave the search key empty, the system automatically creates a numeric number.  The document sequence used for this fallback number is defined in the "Maintain Sequence" window with the name "DocumentNo_&lt;TableName&gt;", where TableName is the actual name of the table (e.g. C_Order).</Help>
            <AD_InfoWindow_ID reference="uuid" reference-key="AD_InfoWindow">6102a8ee-10ed-48c9-8d12-1188ab59f191</AD_InfoWindow_ID>
            <EntityType>U</EntityType>
            <SelectClause>aiw.Value</SelectClause>
            <SeqNo>50</SeqNo>
            <IsDisplayed>N</IsDisplayed>
            <IsQueryCriteria>Y</IsQueryCriteria>
            <AD_Element_ID reference="id">620</AD_Element_ID>
            <AD_Reference_ID reference="id">10</AD_Reference_ID>
            <AD_InfoColumn_UU>4a1a4d44-8d7c-43ce-8772-3f1be10d05a7</AD_InfoColumn_UU>
            <AD_Reference_Value_ID reference="id"/>
            <AD_Val_Rule_ID reference="id"/>
            <IsCentrallyMaintained>Y</IsCentrallyMaintained>
            <DisplayLogic/>
            <ColumnName>Value</ColumnName>
            <QueryOperator>&lt;=</QueryOperator>
            <QueryFunction>Upper</QueryFunction>
            <IsIdentifier>N</IsIdentifier>
            <SeqNoSelection>0</SeqNoSelection>
            <DefaultValue/>
            <IsMandatory>N</IsMandatory>
        </AD_InfoColumn>
        <AD_InfoColumn type="table">
            <AD_Client_ID>0</AD_Client_ID>
            <AD_Org_ID>0</AD_Org_ID>
            <IsActive>Y</IsActive>
            <Name>Account Date</Name>
            <Description>Accounting Date</Description>
            <Help>The Accounting Date indicates the date to be used on the General Ledger account entries generated from this document. It is also used for any currency conversion.</Help>
            <AD_InfoWindow_ID reference="uuid" reference-key="AD_InfoWindow">6102a8ee-10ed-48c9-8d12-1188ab59f191</AD_InfoWindow_ID>
            <EntityType>U</EntityType>
            <SelectClause>aiw.DateAcct</SelectClause>
            <SeqNo>10</SeqNo>
            <IsDisplayed>Y</IsDisplayed>
            <IsQueryCriteria>Y</IsQueryCriteria>
            <AD_Element_ID reference="id">263</AD_Element_ID>
            <AD_Reference_ID reference="id">15</AD_Reference_ID>
            <AD_InfoColumn_UU>d4ec614a-90e8-4ea0-95f4-fa2e22d66f19</AD_InfoColumn_UU>
            <AD_Reference_Value_ID reference="id"/>
            <AD_Val_Rule_ID reference="id"/>
            <IsCentrallyMaintained>Y</IsCentrallyMaintained>
            <DisplayLogic/>
            <ColumnName>DateAcct</ColumnName>
            <QueryOperator>&gt;=</QueryOperator>
            <QueryFunction>Trunc</QueryFunction>
            <IsIdentifier>N</IsIdentifier>
            <SeqNoSelection>0</SeqNoSelection>
            <DefaultValue/>
            <IsMandatory>N</IsMandatory>
        </AD_InfoColumn>
        <AD_InfoColumn type="table">
            <AD_Client_ID>0</AD_Client_ID>
            <AD_Org_ID>0</AD_Org_ID>
            <IsActive>Y</IsActive>
            <Name>Account Date</Name>
            <Description>Accounting Date</Description>
            <Help>The Accounting Date indicates the date to be used on the General Ledger account entries generated from this document. It is also used for any currency conversion.</Help>
            <AD_InfoWindow_ID reference="uuid" reference-key="AD_InfoWindow">6102a8ee-10ed-48c9-8d12-1188ab59f191</AD_InfoWindow_ID>
            <EntityType>U</EntityType>
            <SelectClause>aiw.DateAcct</SelectClause>
            <SeqNo>20</SeqNo>
            <IsDisplayed>N</IsDisplayed>
            <IsQueryCriteria>Y</IsQueryCriteria>
            <AD_Element_ID reference="id">263</AD_Element_ID>
            <AD_Reference_ID reference="id">15</AD_Reference_ID>
            <AD_InfoColumn_UU>af179754-5190-4edf-9921-b3531daf2085</AD_InfoColumn_UU>
            <AD_Reference_Value_ID reference="id"/>
            <AD_Val_Rule_ID reference="id"/>
            <IsCentrallyMaintained>Y</IsCentrallyMaintained>
            <DisplayLogic/>
            <ColumnName>DateAcct</ColumnName>
            <QueryOperator>&lt;=</QueryOperator>
            <QueryFunction>Trunc</QueryFunction>
            <IsIdentifier>N</IsIdentifier>
            <SeqNoSelection>0</SeqNoSelection>
            <DefaultValue/>
            <IsMandatory>N</IsMandatory>
        </AD_InfoColumn>
        <AD_InfoColumn type="table">
            <AD_Client_ID>0</AD_Client_ID>
            <AD_Org_ID>0</AD_Org_ID>
            <IsActive>Y</IsActive>
            <Name>Account Date</Name>
            <Description>Accounting Date</Description>
            <Help>The Accounting Date indicates the date to be used on the General Ledger account entries generated from this document. It is also used for any currency conversion.</Help>
            <AD_InfoWindow_ID reference="uuid" reference-key="AD_InfoWindow">6102a8ee-10ed-48c9-8d12-1188ab59f191</AD_InfoWindow_ID>
            <EntityType>U</EntityType>
            <SelectClause>aiw.DateAcct</SelectClause>
            <SeqNo>30</SeqNo>
            <IsDisplayed>N</IsDisplayed>
            <IsQueryCriteria>Y</IsQueryCriteria>
            <AD_Element_ID reference="id">263</AD_Element_ID>
            <AD_Reference_ID reference="id">15</AD_Reference_ID>
            <AD_InfoColumn_UU>ceba5dd7-13d6-4683-a7ef-267d55eb6d98</AD_InfoColumn_UU>
            <AD_Reference_Value_ID reference="id"/>
            <AD_Val_Rule_ID reference="id"/>
            <IsCentrallyMaintained>Y</IsCentrallyMaintained>
            <DisplayLogic/>
            <ColumnName>DateAcct</ColumnName>
            <QueryOperator>=</QueryOperator>
            <QueryFunction>Trunc</QueryFunction>
            <IsIdentifier>N</IsIdentifier>
            <SeqNoSelection>0</SeqNoSelection>
            <DefaultValue/>
            <IsMandatory>N</IsMandatory>
        </AD_InfoColumn>
        <AD_InfoColumn type="table">
            <AD_Client_ID>0</AD_Client_ID>
            <AD_Org_ID>0</AD_Org_ID>
            <IsActive>Y</IsActive>
            <Name>Search Key</Name>
            <Description>Search key for the record in the format required - must be unique</Description>
            <Help>A search key allows you a fast method of finding a particular record.
If you leave the search key empty, the system automatically creates a numeric number.  The document sequence used for this fallback number is defined in the "Maintain Sequence" window with the name "DocumentNo_&lt;TableName&gt;", where TableName is the actual name of the table (e.g. C_Order).</Help>
            <AD_InfoWindow_ID reference="uuid" reference-key="AD_InfoWindow">6102a8ee-10ed-48c9-8d12-1188ab59f191</AD_InfoWindow_ID>
            <EntityType>U</EntityType>
            <SelectClause>aiw.Value</SelectClause>
            <SeqNo>40</SeqNo>
            <IsDisplayed>Y</IsDisplayed>
            <IsQueryCriteria>Y</IsQueryCriteria>
            <AD_Element_ID reference="id">620</AD_Element_ID>
            <AD_Reference_ID reference="id">10</AD_Reference_ID>
            <AD_InfoColumn_UU>0800a868-f1e6-402c-9eb7-0c171f95feda</AD_InfoColumn_UU>
            <AD_Reference_Value_ID reference="id"/>
            <AD_Val_Rule_ID reference="id"/>
            <IsCentrallyMaintained>Y</IsCentrallyMaintained>
            <DisplayLogic/>
            <ColumnName>Value</ColumnName>
            <QueryOperator>&gt;=</QueryOperator>
            <QueryFunction>Upper</QueryFunction>
            <IsIdentifier>N</IsIdentifier>
            <SeqNoSelection>0</SeqNoSelection>
            <DefaultValue/>
            <IsMandatory>N</IsMandatory>
        </AD_InfoColumn>
        <AD_InfoColumn type="table">
            <AD_Client_ID>0</AD_Client_ID>
            <AD_Org_ID>0</AD_Org_ID>
            <IsActive>Y</IsActive>
            <Name>Search Key</Name>
            <Description>Search key for the record in the format required - must be unique</Description>
            <Help>A search key allows you a fast method of finding a particular record.
If you leave the search key empty, the system automatically creates a numeric number.  The document sequence used for this fallback number is defined in the "Maintain Sequence" window with the name "DocumentNo_&lt;TableName&gt;", where TableName is the actual name of the table (e.g. C_Order).</Help>
            <AD_InfoWindow_ID reference="uuid" reference-key="AD_InfoWindow">6102a8ee-10ed-48c9-8d12-1188ab59f191</AD_InfoWindow_ID>
            <EntityType>U</EntityType>
            <SelectClause>aiw.Value</SelectClause>
            <SeqNo>60</SeqNo>
            <IsDisplayed>N</IsDisplayed>
            <IsQueryCriteria>Y</IsQueryCriteria>
            <AD_Element_ID reference="id">620</AD_Element_ID>
            <AD_Reference_ID reference="id">10</AD_Reference_ID>
            <AD_InfoColumn_UU>999d4f5d-9a90-4bea-8972-5c2e9ae97254</AD_InfoColumn_UU>
            <AD_Reference_Value_ID reference="id"/>
            <AD_Val_Rule_ID reference="id"/>
            <IsCentrallyMaintained>Y</IsCentrallyMaintained>
            <DisplayLogic/>
            <ColumnName>Value</ColumnName>
            <QueryOperator>=</QueryOperator>
            <QueryFunction>Upper</QueryFunction>
            <IsIdentifier>N</IsIdentifier>
            <SeqNoSelection>0</SeqNoSelection>
            <DefaultValue/>
            <IsMandatory>N</IsMandatory>
        </AD_InfoColumn>
        <AD_InfoColumn type="table">
            <AD_Client_ID>0</AD_Client_ID>
            <AD_Org_ID>0</AD_Org_ID>
            <IsActive>Y</IsActive>
            <Name>Search Key</Name>
            <Description>Search key for the record in the format required - must be unique</Description>
            <Help>A search key allows you a fast method of finding a particular record.
If you leave the search key empty, the system automatically creates a numeric number.  The document sequence used for this fallback number is defined in the "Maintain Sequence" window with the name "DocumentNo_&lt;TableName&gt;", where TableName is the actual name of the table (e.g. C_Order).</Help>
            <AD_InfoWindow_ID reference="uuid" reference-key="AD_InfoWindow">6102a8ee-10ed-48c9-8d12-1188ab59f191</AD_InfoWindow_ID>
            <EntityType>U</EntityType>
            <SelectClause>aiw.Value</SelectClause>
            <SeqNo>70</SeqNo>
            <IsDisplayed>N</IsDisplayed>
            <IsQueryCriteria>Y</IsQueryCriteria>
            <AD_Element_ID reference="id">620</AD_Element_ID>
            <AD_Reference_ID reference="id">10</AD_Reference_ID>
            <AD_InfoColumn_UU>690ce08d-b7fe-4d4a-b582-5db399582d7f</AD_InfoColumn_UU>
            <AD_Reference_Value_ID reference="id"/>
            <AD_Val_Rule_ID reference="id"/>
            <IsCentrallyMaintained>Y</IsCentrallyMaintained>
            <DisplayLogic/>
            <ColumnName>Value</ColumnName>
            <QueryOperator>Like</QueryOperator>
            <QueryFunction>Upper</QueryFunction>
            <IsIdentifier>N</IsIdentifier>
            <SeqNoSelection>0</SeqNoSelection>
            <DefaultValue/>
            <IsMandatory>N</IsMandatory>
        </AD_InfoColumn>
        <AD_InfoColumn type="table">
            <AD_Client_ID>0</AD_Client_ID>
            <AD_Org_ID>0</AD_Org_ID>
            <IsActive>Y</IsActive>
            <Name>Name</Name>
            <Description>Alphanumeric identifier of the entity</Description>
            <Help>The name of an entity (record) is used as an default search option in addition to the search key. The name is up to 60 characters in length.</Help>
            <AD_InfoWindow_ID reference="uuid" reference-key="AD_InfoWindow">6102a8ee-10ed-48c9-8d12-1188ab59f191</AD_InfoWindow_ID>
            <EntityType>U</EntityType>
            <SelectClause>aiw.Name</SelectClause>
            <SeqNo>80</SeqNo>
            <IsDisplayed>Y</IsDisplayed>
            <IsQueryCriteria>Y</IsQueryCriteria>
            <AD_Element_ID reference="id">469</AD_Element_ID>
            <AD_Reference_ID reference="id">10</AD_Reference_ID>
            <AD_InfoColumn_UU>73030523-f9b5-4129-9b2d-789f72b7bd86</AD_InfoColumn_UU>
            <AD_Reference_Value_ID reference="id"/>
            <AD_Val_Rule_ID reference="id"/>
            <IsCentrallyMaintained>Y</IsCentrallyMaintained>
            <DisplayLogic/>
            <ColumnName>Name</ColumnName>
            <QueryOperator>Like</QueryOperator>
            <QueryFunction>Upper</QueryFunction>
            <IsIdentifier>Y</IsIdentifier>
            <SeqNoSelection>0</SeqNoSelection>
            <DefaultValue/>
            <IsMandatory>N</IsMandatory>
        </AD_InfoColumn>
        <AD_InfoColumn type="table">
            <AD_Client_ID>0</AD_Client_ID>
            <AD_Org_ID>0</AD_Org_ID>
            <IsActive>Y</IsActive>
            <Name>credit</Name>
            <Description/>
            <Help/>
            <AD_InfoWindow_ID reference="uuid" reference-key="AD_InfoWindow">6102a8ee-10ed-48c9-8d12-1188ab59f191</AD_InfoWindow_ID>
            <EntityType>U</EntityType>
            <SelectClause>aiw.credit</SelectClause>
            <SeqNo>100</SeqNo>
            <IsDisplayed>Y</IsDisplayed>
            <IsQueryCriteria>N</IsQueryCriteria>
            <AD_Element_ID reference="uuid" reference-key="AD_Element">047bea0f-f923-4a25-9fa0-5246d5f92ac9</AD_Element_ID>
            <AD_Reference_ID reference="id">22</AD_Reference_ID>
            <AD_InfoColumn_UU>5bf3078e-662a-4432-904a-7bfc0033ee97</AD_InfoColumn_UU>
            <AD_Reference_Value_ID reference="id"/>
            <AD_Val_Rule_ID reference="id"/>
            <IsCentrallyMaintained>Y</IsCentrallyMaintained>
            <DisplayLogic/>
            <ColumnName>credit</ColumnName>
            <QueryOperator/>
            <QueryFunction/>
            <IsIdentifier>N</IsIdentifier>
            <SeqNoSelection>0</SeqNoSelection>
            <DefaultValue/>
            <IsMandatory>N</IsMandatory>
        </AD_InfoColumn>
        <AD_InfoColumn type="table">
            <AD_Client_ID>0</AD_Client_ID>
            <AD_Org_ID>0</AD_Org_ID>
            <IsActive>Y</IsActive>
            <Name>perday</Name>
            <Description/>
            <Help/>
            <AD_InfoWindow_ID reference="uuid" reference-key="AD_InfoWindow">6102a8ee-10ed-48c9-8d12-1188ab59f191</AD_InfoWindow_ID>
            <EntityType>U</EntityType>
            <SelectClause>aiw.perday</SelectClause>
            <SeqNo>130</SeqNo>
            <IsDisplayed>N</IsDisplayed>
            <IsQueryCriteria>Y</IsQueryCriteria>
            <AD_Element_ID reference="uuid" reference-key="AD_Element">cd1c66e8-6274-4e1e-aab6-66c296729ae5</AD_Element_ID>
            <AD_Reference_ID reference="id">20</AD_Reference_ID>
            <AD_InfoColumn_UU>4bbe7bf8-24d7-4044-b133-1b5509fa539b</AD_InfoColumn_UU>
            <AD_Reference_Value_ID reference="id"/>
            <AD_Val_Rule_ID reference="id"/>
            <IsCentrallyMaintained>Y</IsCentrallyMaintained>
            <DisplayLogic/>
            <ColumnName>perday</ColumnName>
            <QueryOperator>=</QueryOperator>
            <QueryFunction/>
            <IsIdentifier>N</IsIdentifier>
            <SeqNoSelection>0</SeqNoSelection>
            <DefaultValue/>
            <IsMandatory>N</IsMandatory>
        </AD_InfoColumn>
        <AD_InfoColumn type="table">
            <AD_Client_ID>0</AD_Client_ID>
            <AD_Org_ID>0</AD_Org_ID>
            <IsActive>Y</IsActive>
            <Name>onday</Name>
            <Description/>
            <Help/>
            <AD_InfoWindow_ID reference="uuid" reference-key="AD_InfoWindow">6102a8ee-10ed-48c9-8d12-1188ab59f191</AD_InfoWindow_ID>
            <EntityType>U</EntityType>
            <SelectClause>aiw.onday</SelectClause>
            <SeqNo>140</SeqNo>
            <IsDisplayed>N</IsDisplayed>
            <IsQueryCriteria>Y</IsQueryCriteria>
            <AD_Element_ID reference="uuid" reference-key="AD_Element">dfbb16fa-b2e9-49c3-9e27-5b1c1e2c08d7</AD_Element_ID>
            <AD_Reference_ID reference="id">20</AD_Reference_ID>
            <AD_InfoColumn_UU>425cf19b-aa51-4591-8562-937e8f99e54c</AD_InfoColumn_UU>
            <AD_Reference_Value_ID reference="id"/>
            <AD_Val_Rule_ID reference="id"/>
            <IsCentrallyMaintained>Y</IsCentrallyMaintained>
            <DisplayLogic/>
            <ColumnName>onday</ColumnName>
            <QueryOperator>=</QueryOperator>
            <QueryFunction/>
            <IsIdentifier>N</IsIdentifier>
            <SeqNoSelection>0</SeqNoSelection>
            <DefaultValue/>
            <IsMandatory>N</IsMandatory>
        </AD_InfoColumn>
        <AD_InfoColumn type="table">
            <AD_Client_ID>0</AD_Client_ID>
            <AD_Org_ID>0</AD_Org_ID>
            <IsActive>Y</IsActive>
            <Name>onmonth</Name>
            <Description/>
            <Help/>
            <AD_InfoWindow_ID reference="uuid" reference-key="AD_InfoWindow">6102a8ee-10ed-48c9-8d12-1188ab59f191</AD_InfoWindow_ID>
            <EntityType>U</EntityType>
            <SelectClause>aiw.onmonth</SelectClause>
            <SeqNo>150</SeqNo>
            <IsDisplayed>N</IsDisplayed>
            <IsQueryCriteria>Y</IsQueryCriteria>
            <AD_Element_ID reference="uuid" reference-key="AD_Element">76521272-947f-4782-b8d7-08bbbf5f6e78</AD_Element_ID>
            <AD_Reference_ID reference="id">20</AD_Reference_ID>
            <AD_InfoColumn_UU>8628ad4c-3084-4b67-80da-3af414b84812</AD_InfoColumn_UU>
            <AD_Reference_Value_ID reference="id"/>
            <AD_Val_Rule_ID reference="id"/>
            <IsCentrallyMaintained>Y</IsCentrallyMaintained>
            <DisplayLogic/>
            <ColumnName>onmonth</ColumnName>
            <QueryOperator>=</QueryOperator>
            <QueryFunction/>
            <IsIdentifier>N</IsIdentifier>
            <SeqNoSelection>0</SeqNoSelection>
            <DefaultValue/>
            <IsMandatory>N</IsMandatory>
        </AD_InfoColumn>
        <AD_InfoColumn type="table">
            <AD_Client_ID>0</AD_Client_ID>
            <AD_Org_ID>0</AD_Org_ID>
            <IsActive>Y</IsActive>
            <Name>onyear</Name>
            <Description/>
            <Help/>
            <AD_InfoWindow_ID reference="uuid" reference-key="AD_InfoWindow">6102a8ee-10ed-48c9-8d12-1188ab59f191</AD_InfoWindow_ID>
            <EntityType>U</EntityType>
            <SelectClause>aiw.onyear</SelectClause>
            <SeqNo>160</SeqNo>
            <IsDisplayed>N</IsDisplayed>
            <IsQueryCriteria>Y</IsQueryCriteria>
            <AD_Element_ID reference="uuid" reference-key="AD_Element">042991cb-3eea-4ca0-9b60-bab483ab1d40</AD_Element_ID>
            <AD_Reference_ID reference="id">20</AD_Reference_ID>
            <AD_InfoColumn_UU>52195be2-7090-4c21-8136-0348a371715c</AD_InfoColumn_UU>
            <AD_Reference_Value_ID reference="id"/>
            <AD_Val_Rule_ID reference="id"/>
            <IsCentrallyMaintained>Y</IsCentrallyMaintained>
            <DisplayLogic/>
            <ColumnName>onyear</ColumnName>
            <QueryOperator>=</QueryOperator>
            <QueryFunction/>
            <IsIdentifier>N</IsIdentifier>
            <SeqNoSelection>0</SeqNoSelection>
            <DefaultValue/>
            <IsMandatory>N</IsMandatory>
        </AD_InfoColumn>
        <AD_InfoColumn type="table">
            <AD_Client_ID>0</AD_Client_ID>
            <AD_Org_ID>0</AD_Org_ID>
            <IsActive>Y</IsActive>
            <Name>sum</Name>
            <Description/>
            <Help/>
            <AD_InfoWindow_ID reference="uuid" reference-key="AD_InfoWindow">6102a8ee-10ed-48c9-8d12-1188ab59f191</AD_InfoWindow_ID>
            <EntityType>U</EntityType>
            <SelectClause>aiw.sum</SelectClause>
            <SeqNo>120</SeqNo>
            <IsDisplayed>N</IsDisplayed>
            <IsQueryCriteria>Y</IsQueryCriteria>
            <AD_Element_ID reference="uuid" reference-key="AD_Element">b3a056a7-6998-40b5-86ac-ce341f4674c4</AD_Element_ID>
            <AD_Reference_ID reference="id">20</AD_Reference_ID>
            <AD_InfoColumn_UU>b9da3dd7-7183-49d1-99b0-adbf680fb0f3</AD_InfoColumn_UU>
            <AD_Reference_Value_ID reference="id"/>
            <AD_Val_Rule_ID reference="id"/>
            <IsCentrallyMaintained>Y</IsCentrallyMaintained>
            <DisplayLogic/>
            <ColumnName>sum</ColumnName>
            <QueryOperator>=</QueryOperator>
            <QueryFunction/>
            <IsIdentifier>N</IsIdentifier>
            <SeqNoSelection>0</SeqNoSelection>
            <DefaultValue/>
            <IsMandatory>N</IsMandatory>
        </AD_InfoColumn>
    </AD_InfoWindow>
</idempiere>
